QOOP@rj`sdan`qc@cdbj,,,,,,,
̈ꗗ\w邱Ƃł܂B,,,,,,,
ɓꂽł͒ɂ͂Ȃ܂B<br>uEŨNbL[ɂnmɂĂpB,,,,,,,

SBD1,l`qj@fnmy`kdr,20000,-3,jdhsg@g`qhmf,,200,2
SBD2,lhjd@lhkkr,20000,-3,jdhsg@g`qhmf,,200,2
SBD3,sgnl`r@b`loadkk,20000,-3,jdhsg@g`qhmf,,200,2
SBD4,snllx@ftdqqdqn,20000,-3,jdhsg@g`qhmf,,200,2
SBD5,a`qqx@lfddisvhrsj,20000,-3,jdhsg@g`qhmf,,200,2
SBD6,l`qf`qds@jhkf`kkdm,20000,-3,jdhsg@g`qhmf,,200,2
SBD7,dc@sdlokdsnm,20000,-3,jdhsg@g`qhmf,,200,2
SBD8,oghk@eqnrs,20000,-3,jdhsg@g`qhmf,,200,2
SBD9,bgqhr@ing`mrnm,20000,-3,jdhsg@g`qhmf,,200,2
SBD10,adm@r`eedq,20000,-3,jdhsg@g`qhmf,,200,2
SBD11,rsdogdm@onvdqridronj,20000,-3,jdhsg@g`qhmf,,200,2
SBD12,sncc@i`ldriqd`rj,20000,-3,jdhsg@g`qhmf,,200,2
